Workbook
Name Slicer_MONTH: #N/A
Name Slicer_REGION: #N/A

Sheet PIVOT
A3: Sum of ACUAL | D3: Row Labels | E3: Sum of ACUAL | G3: Row Labels | H3: Sum of ACUAL | J3: Row Labels | K3: Sum of ACUAL | M3: Row Labels | N3: Sum of ACUAL | P3: Row Labels | Q3: Sum of ACUAL | S3: Row Labels | T3: Sum of ACUAL
A4: 984571.06 | D4: Customer33 | E4: 60929.15 | G4: Apr | H4: 72320.89 | J4: 1 | K4: 5179.59 | M4: Product30 | N4: 57968.64 | P4: Central | Q4: 72920.48 | S4: Bangladesh | T4: 31336.23 | W4: Bangladesh | X4: 31336.23
D5: Customer22 | E5: 45112.95 | G5: Aug | H5: 69125.75 | J5: 2 | K5: 21116.73 | M5: Product41 | N5: 57554.28 | P5: East | Q5: 75939.73 | S5: Brazil | T5: 39438.44 | W5: Brazil | X5: 39438.44
A6: TOTAL SALES | B6: =SUM(InputData[ACUAL]) -> 984571.06 | D6: Customer23 | E6: 43062.83 | G6: Dec | H6: 90997.39 | J6: 3 | K6: 14261.19 | M6: Product24 | N6: 49599.36 | P6: Export | Q6: 531575.62 | S6: Ethiopia | T6: 39653.93 | W6: Ethiopia | X6: 39653.93
G7: Feb | H7: 91137.05 | J7: 4 | K7: 11433.2 | M7: Product19 | N7: 41580 | P7: North | Q7: 45081.78 | S7: France | T7: 14337.4 | W7: France | X7: 14337.4
G8: Jan | H8: 92118.79 | J8: 5 | K8: 33727.55 | M8: Product22 | N8: 41055.3 | P8: Northeast | Q8: 83994.49 | S8: Germany | T8: 16810.72 | W8: Germany | X8: 16810.72
G9: Jul | H9: 92661.55 | J9: 6 | K9: 34794.82 | M9: Product32 | N9: 40883.04 | P9: South | Q9: 53277.57 | S9: India | T9: 452995.44 | W9: India | X9: 452995.44
G10: Jun | H10: 66727.4 | J10: 7 | K10: 32107.1 | M10: Product21 | N10: 39659.76 | P10: Western | Q10: 121781.39 | S10: Indonesia | T10: 8394.32 | W10: Indonesia | X10: 8394.32
G11: Mar | H11: 97920.72 | J11: 8 | K11: 11777.67 | M11: Product05 | N11: 38591.28 | S11: Mexico | T11: 65776.76 | W11: Mexico | X11: 65776.76
G12: May | H12: 70511.76 | J12: 9 | K12: 17571.59 | M12: Product42 | N12: 38232 | S12: Nigeria | T12: 39993.27 | W12: Nigeria | X12: 39993.27
G13: Nov | H13: 75659.86 | J13: 10 | K13: 17413.3 | M13: Product10 | N13: 34991.64 | S13: Pakistan | T13: 77523.28 | W13: Pakistan | X13: 77523.28
G14: Oct | H14: 87136.37 | J14: 11 | K14: 18811.39 | S14: Russia | T14: 63344.34 | W14: Russia | X14: 63344.34
G15: Sep | H15: 78253.53 | J15: 12 | K15: 29446.46 | S15: Saudi Arabia | T15: 38317.79 | W15: Saudi Arabia | X15: 38317.79
J16: 13 | K16: 22723.6 | S16: South Africa | T16: 32808.02 | W16: South Africa | X16: 32808.02
J17: 14 | K17: 13729.81 | S17: United Kingdom | T17: 50749.04 | W17: United Kingdom | X17: 50749.04
J18: 15 | K18: 27820.09 | S18: United States of America | T18: 13092.08 | W18: United States of America | X18: 13092.08
J19: 16 | K19: 9407.51
J20: 17 | K20: 22127.3
J21: 18 | K21: 11809.4
J22: 19 | K22: 12750.54
J23: 20 | K23: 19691.76
J24: 21 | K24: 19171.71
J25: 22 | K25: 11617.86
J26: 23 | K26: 17000.62
J27: 24 | K27: 15273.35
J28: 25 | K28: 23043.47
J29: 26 | K29: 13593.79
J30: 27 | K30: 13197.89
... J56: 53 | K56: 27195.9

Sheet DASHBOARD

Sheet Input Data
A1: DATE | B1: CUSTOMER NAME | C1: PRODUCT | D1: UNIT PRICE ($) | E1: QUANTITY | F1: ACUAL | G1: COUNTRY | H1: REGION | I1: MONTH | J1: WEEK
A2: 44197 | B2: Customer33 | C2: Product24 | D2: 156.96 | E2: 9 | F2: =InputData[[#This Row],[UNIT PRICE ($)]]*InputData[[#This Row],[QUANTITY]] -> 1412.64 | G2: =_xlfn.XLOOKUP(InputData[[#This Row],[CUSTOMER NAME]],Country[Customer Name],Country[Country],"",0) -> India | H2: =_xlfn.XLOOKUP(InputData[[#This Row],[CUSTOMER NAME]],Country[Customer Name],Country[Region],"",0) -> Western | I2: =TEXT(InputData[[#This Row],[DATE]],"MMM") -> Jan | J2: =WEEKNUM(InputData[[#This Row],[DATE]],1) -> 1
A3: 44197 | B3: Customer29 | C3: Product22 | D3: 141.57 | E3: 1 | F3: =InputData[[#This Row],[UNIT PRICE ($)]]*InputData[[#This Row],[QUANTITY]] -> 141.57 | G3: =_xlfn.XLOOKUP(InputData[[#This Row],[CUSTOMER NAME]],Country[Customer Name],Country[Country],"",0) -> India | H3: =_xlfn.XLOOKUP(InputData[[#This Row],[CUSTOMER NAME]],Country[Customer Name],Country[Region],"",0) -> South | I3: =TEXT(InputData[[#This Row],[DATE]],"MMM") -> Jan | J3: =WEEKNUM(InputData[[#This Row],[DATE]],1) -> 1
A4: 44198 | B4: Customer31 | C4: Product38 | D4: 79.92 | E4: 15 | F4: =InputData[[#This Row],[UNIT PRICE ($)]]*InputData[[#This Row],[QUANTITY]] -> 1198.8 | G4: =_xlfn.XLOOKUP(InputData[[#This Row],[CUSTOMER NAME]],Country[Customer Name],Country[Country],"",0) -> India | H4: =_xlfn.XLOOKUP(InputData[[#This Row],[CUSTOMER NAME]],Country[Customer Name],Country[Region],"",0) -> North | I4: =TEXT(InputData[[#This Row],[DATE]],"MMM") -> Jan | J4: =WEEKNUM(InputData[[#This Row],[DATE]],1) -> 1
A5: 44198 | B5: Customer03 | C5: Product33 | D5: 119.7 | E5: 1 | F5: =InputData[[#This Row],[UNIT PRICE ($)]]*InputData[[#This Row],[QUANTITY]] -> 119.7 | G5: =_xlfn.XLOOKUP(InputData[[#This Row],[CUSTOMER NAME]],Country[Customer Name],Country[Country],"",0) -> India | H5: =_xlfn.XLOOKUP(InputData[[#This Row],[CUSTOMER NAME]],Country[Customer Name],Country[Region],"",0) -> Northeast | I5: =TEXT(InputData[[#This Row],[DATE]],"MMM") -> Jan | J5: =WEEKNUM(InputData[[#This Row],[DATE]],1) -> 1
A6: 44198 | B6: Customer05 | C6: Product15 | D6: 15.72 | E6: 2 | F6: =InputData[[#This Row],[UNIT PRICE ($)]]*InputData[[#This Row],[QUANTITY]] -> 31.44 | G6: =_xlfn.XLOOKUP(InputData[[#This Row],[CUSTOMER NAME]],Country[Customer Name],Country[Country],"",0) -> India | H6: =_xlfn.XLOOKUP(InputData[[#This Row],[CUSTOMER NAME]],Country[Customer Name],Country[Region],"",0) -> Northeast | I6: =TEXT(InputData[[#This Row],[DATE]],"MMM") -> Jan | J6: =WEEKNUM(InputData[[#This Row],[DATE]],1) -> 1
A7: 44198 | B7: Customer35 | C7: Product10 | D7: 164.28 | E7: 7 | F7: =InputData[[#This Row],[UNIT PRICE ($)]]*InputData[[#This Row],[QUANTITY]] -> 1149.96 | G7: =_xlfn.XLOOKUP(InputData[[#This Row],[CUSTOMER NAME]],Country[Customer Name],Country[Country],"",0) -> India | H7: =_xlfn.XLOOKUP(InputData[[#This Row],[CUSTOMER NAME]],Country[Customer Name],Country[Region],"",0) -> North | I7: =TEXT(InputData[[#This Row],[DATE]],"MMM") -> Jan | J7: =WEEKNUM(InputData[[#This Row],[DATE]],1) -> 1
A8: 44198 | B8: Customer38 | C8: Product13 | D8: 122.08 | E8: 6 | F8: =InputData[[#This Row],[UNIT PRICE ($)]]*InputData[[#This Row],[QUANTITY]] -> 732.48 | G8: =_xlfn.XLOOKUP(InputData[[#This Row],[CUSTOMER NAME]],Country[Customer Name],Country[Country],"",0) -> India | H8: =_xlfn.XLOOKUP(InputData[[#This Row],[CUSTOMER NAME]],Country[Customer Name],Country[Region],"",0) -> Northeast | I8: =TEXT(InputData[[#This Row],[DATE]],"MMM") -> Jan | J8: =WEEKNUM(InputData[[#This Row],[DATE]],1) -> 1
A9: 44198 | B9: Customer39 | C9: Product15 | D9: 15.72 | E9: 25 | F9: =InputData[[#This Row],[UNIT PRICE ($)]]*InputData[[#This Row],[QUANTITY]] -> 393 | G9: =_xlfn.XLOOKUP(InputData[[#This Row],[CUSTOMER NAME]],Country[Customer Name],Country[Country],"",0) -> Germany | H9: =_xlfn.XLOOKUP(InputData[[#This Row],[CUSTOMER NAME]],Country[Customer Name],Country[Region],"",0) -> Export | I9: =TEXT(InputData[[#This Row],[DATE]],"MMM") -> Jan | J9: =WEEKNUM(InputData[[#This Row],[DATE]],1) -> 1
A10: 44199 | B10: Customer34 | C10: Product14 | D10: 146.72 | E10: 21 | F10: =InputData[[#This Row],[UNIT PRICE ($)]]*InputData[[#This Row],[QUANTITY]] -> 3081.12 | G10: =_xlfn.XLOOKUP(InputData[[#This Row],[CUSTOMER NAME]],Country[Customer Name],Country[Country],"",0) -> India | H10: =_xlfn.XLOOKUP(InputData[[#This Row],[CUSTOMER NAME]],Country[Customer Name],Country[Region],"",0) -> Northeast | I10: =TEXT(InputData[[#This Row],[DATE]],"MMM") -> Jan | J10: =WEEKNUM(InputData[[#This Row],[DATE]],1) -> 2
A11: 44199 | B11: Customer18 | C11: Product43 | D11: 83.08 | E11: 9 | F11: =InputData[[#This Row],[UNIT PRICE ($)]]*InputData[[#This Row],[QUANTITY]] -> 747.72 | G11: =_xlfn.XLOOKUP(InputData[[#This Row],[CUSTOMER NAME]],Country[Customer Name],Country[Country],"",0) -> India | H11: =_xlfn.XLOOKUP(InputData[[#This Row],[CUSTOMER NAME]],Country[Customer Name],Country[Region],"",0) -> Western | I11: =TEXT(InputData[[#This Row],[DATE]],"MMM") -> Jan | J11: =WEEKNUM(InputData[[#This Row],[DATE]],1) -> 2
A12: 44199 | B12: Customer20 | C12: Product38 | D12: 79.92 | E12: 31 | F12: =InputData[[#This Row],[UNIT PRICE ($)]]*InputData[[#This Row],[QUANTITY]] -> 2477.52 | G12: =_xlfn.XLOOKUP(InputData[[#This Row],[CUSTOMER NAME]],Country[Customer Name],Country[Country],"",0) -> United Kingdom | H12: =_xlfn.XLOOKUP(InputData[[#This Row],[CUSTOMER NAME]],Country[Customer Name],Country[Region],"",0) -> Export | I12: =TEXT(InputData[[#This Row],[DATE]],"MMM") -> Jan | J12: =WEEKNUM(InputData[[#This Row],[DATE]],1) -> 2
A13: 44199 | B13: Customer37 | C13: Product04 | D13: 48.84 | E13: 5 | F13: =InputData[[#This Row],[UNIT PRICE ($)]]*InputData[[#This Row],[QUANTITY]] -> 244.2 | G13: =_xlfn.XLOOKUP(InputData[[#This Row],[CUSTOMER NAME]],Country[Customer Name],Country[Country],"",0) -> United States of America | H13: =_xlfn.XLOOKUP(InputData[[#This Row],[CUSTOMER NAME]],Country[Customer Name],Country[Region],"",0) -> Export | I13: =TEXT(InputData[[#This Row],[DATE]],"MMM") -> Jan | J13: =WEEKNUM(InputData[[#This Row],[DATE]],1) -> 2
... A833: 44561 | B833: Customer18 | C833: Product33 | D833: 119.7 | E833: 12 | F833: =InputData[[#This Row],[UNIT PRICE ($)]]*InputData[[#This Row],[QUANTITY]] -> 1436.4 | G833: =_xlfn.XLOOKUP(InputData[[#This Row],[CUSTOMER NAME]],Country[Customer Name],Country[Country],"",0) -> India | H833: =_xlfn.XLOOKUP(InputData[[#This Row],[CUSTOMER NAME]],Country[Customer Name],Country[Region],"",0) -> Western | I833: =TEXT(InputData[[#This Row],[DATE]],"MMM") -> Dec | J833: =WEEKNUM(InputData[[#This Row],[DATE]],1) -> 53

Sheet Target
A1: Month | B1: Month Name | C1: Target ($) | D1: ACTUAL | E1: ABOVE | F1: BELOW
A2: 1 | B2: Jan | C2: 90000 | D2: =_xlfn.XLOOKUP(TargetData[[#This Row],[Month Name]],PIVOT!G4:G15,PIVOT!H4:H15,"",0) -> 92118.79 | E2: =IF(TargetData[[#This Row],[ACTUAL]]>=TargetData[[#This Row],[Target ($)]],TargetData[[#This Row],[ACTUAL]],"N/A") -> 92118.79 | F2: =IF(TargetData[[#This Row],[ACTUAL]]<TargetData[[#This Row],[Target ($)]],TargetData[[#This Row],[ACTUAL]],"N/A") -> N/A
A3: 2 | B3: Feb | C3: 100000 | D3: =_xlfn.XLOOKUP(TargetData[[#This Row],[Month Name]],PIVOT!G5:G16,PIVOT!H5:H16,"",0) -> 91137.05 | E3: =IF(TargetData[[#This Row],[ACTUAL]]>=TargetData[[#This Row],[Target ($)]],TargetData[[#This Row],[ACTUAL]],"N/A") -> N/A | F3: =IF(TargetData[[#This Row],[ACTUAL]]<TargetData[[#This Row],[Target ($)]],TargetData[[#This Row],[ACTUAL]],"N/A") -> 91137.05
A4: 3 | B4: Mar | C4: 100000 | D4: =_xlfn.XLOOKUP(TargetData[[#This Row],[Month Name]],PIVOT!G6:G17,PIVOT!H6:H17,"",0) -> 97920.72 | E4: =IF(TargetData[[#This Row],[ACTUAL]]>=TargetData[[#This Row],[Target ($)]],TargetData[[#This Row],[ACTUAL]],"N/A") -> N/A | F4: =IF(TargetData[[#This Row],[ACTUAL]]<TargetData[[#This Row],[Target ($)]],TargetData[[#This Row],[ACTUAL]],"N/A") -> 97920.72
A5: 4 | B5: Apr | C5: 100000 | D5: =_xlfn.XLOOKUP(TargetData[[#This Row],[Month Name]],PIVOT!G4:G15,PIVOT!H4:H15,"",0) -> 72320.89 | E5: =IF(TargetData[[#This Row],[ACTUAL]]>=TargetData[[#This Row],[Target ($)]],TargetData[[#This Row],[ACTUAL]],"N/A") -> N/A | F5: =IF(TargetData[[#This Row],[ACTUAL]]<TargetData[[#This Row],[Target ($)]],TargetData[[#This Row],[ACTUAL]],"N/A") -> 72320.89
A6: 5 | B6: May | C6: 90000 | D6: =_xlfn.XLOOKUP(TargetData[[#This Row],[Month Name]],PIVOT!G8:G19,PIVOT!H8:H19,"",0) -> 70511.76 | E6: =IF(TargetData[[#This Row],[ACTUAL]]>=TargetData[[#This Row],[Target ($)]],TargetData[[#This Row],[ACTUAL]],"N/A") -> N/A | F6: =IF(TargetData[[#This Row],[ACTUAL]]<TargetData[[#This Row],[Target ($)]],TargetData[[#This Row],[ACTUAL]],"N/A") -> 70511.76
A7: 6 | B7: Jun | C7: 90000 | D7: =_xlfn.XLOOKUP(TargetData[[#This Row],[Month Name]],PIVOT!G9:G20,PIVOT!H9:H20,"",0) -> 66727.4 | E7: =IF(TargetData[[#This Row],[ACTUAL]]>=TargetData[[#This Row],[Target ($)]],TargetData[[#This Row],[ACTUAL]],"N/A") -> N/A | F7: =IF(TargetData[[#This Row],[ACTUAL]]<TargetData[[#This Row],[Target ($)]],TargetData[[#This Row],[ACTUAL]],"N/A") -> 66727.4
A8: 7 | B8: Jul | C8: 90000 | D8: =_xlfn.XLOOKUP(TargetData[[#This Row],[Month Name]],PIVOT!G4:G15,PIVOT!H4:H15,"",0) -> 92661.55 | E8: =IF(TargetData[[#This Row],[ACTUAL]]>=TargetData[[#This Row],[Target ($)]],TargetData[[#This Row],[ACTUAL]],"N/A") -> 92661.55 | F8: =IF(TargetData[[#This Row],[ACTUAL]]<TargetData[[#This Row],[Target ($)]],TargetData[[#This Row],[ACTUAL]],"N/A") -> N/A
A9: 8 | B9: Aug | C9: 90000 | D9: =_xlfn.XLOOKUP(TargetData[[#This Row],[Month Name]],PIVOT!G5:G16,PIVOT!H5:H16,"",0) -> 69125.75 | E9: =IF(TargetData[[#This Row],[ACTUAL]]>=TargetData[[#This Row],[Target ($)]],TargetData[[#This Row],[ACTUAL]],"N/A") -> N/A | F9: =IF(TargetData[[#This Row],[ACTUAL]]<TargetData[[#This Row],[Target ($)]],TargetData[[#This Row],[ACTUAL]],"N/A") -> 69125.75
A10: 9 | B10: Sep | C10: 90000 | D10: =_xlfn.XLOOKUP(TargetData[[#This Row],[Month Name]],PIVOT!G6:G17,PIVOT!H6:H17,"",0) -> 78253.53 | E10: =IF(TargetData[[#This Row],[ACTUAL]]>=TargetData[[#This Row],[Target ($)]],TargetData[[#This Row],[ACTUAL]],"N/A") -> N/A | F10: =IF(TargetData[[#This Row],[ACTUAL]]<TargetData[[#This Row],[Target ($)]],TargetData[[#This Row],[ACTUAL]],"N/A") -> 78253.53
A11: 10 | B11: Oct | C11: 80000 | D11: =_xlfn.XLOOKUP(TargetData[[#This Row],[Month Name]],PIVOT!G7:G18,PIVOT!H7:H18,"",0) -> 87136.37 | E11: =IF(TargetData[[#This Row],[ACTUAL]]>=TargetData[[#This Row],[Target ($)]],TargetData[[#This Row],[ACTUAL]],"N/A") -> 87136.37 | F11: =IF(TargetData[[#This Row],[ACTUAL]]<TargetData[[#This Row],[Target ($)]],TargetData[[#This Row],[ACTUAL]],"N/A") -> N/A
A12: 11 | B12: Nov | C12: 80000 | D12: =_xlfn.XLOOKUP(TargetData[[#This Row],[Month Name]],PIVOT!G8:G19,PIVOT!H8:H19,"",0) -> 75659.86 | E12: =IF(TargetData[[#This Row],[ACTUAL]]>=TargetData[[#This Row],[Target ($)]],TargetData[[#This Row],[ACTUAL]],"N/A") -> N/A | F12: =IF(TargetData[[#This Row],[ACTUAL]]<TargetData[[#This Row],[Target ($)]],TargetData[[#This Row],[ACTUAL]],"N/A") -> 75659.86
A13: 12 | B13: Dec | C13: 80000 | D13: =_xlfn.XLOOKUP(TargetData[[#This Row],[Month Name]],PIVOT!G4:G15,PIVOT!H4:H15) -> 90997.39 | E13: =IF(TargetData[[#This Row],[ACTUAL]]>=TargetData[[#This Row],[Target ($)]],TargetData[[#This Row],[ACTUAL]],"N/A") -> 90997.39 | F13: =IF(TargetData[[#This Row],[ACTUAL]]<TargetData[[#This Row],[Target ($)]],TargetData[[#This Row],[ACTUAL]],"N/A") -> N/A

Sheet Customer
A1: Customer Name | B1: Country | C1: Region
A2: Customer01 | B2: Nigeria | C2: Export
A3: Customer02 | B3: Bangladesh | C3: Export
A4: Customer03 | B4: India | C4: Northeast
A5: Customer04 | B5: Saudi Arabia | C5: Export
A6: Customer05 | B6: India | C6: Northeast
A7: Customer06 | B7: Pakistan | C7: Export
A8: Customer07 | B8: Indonesia | C8: Export
A9: Customer08 | B9: United Kingdom | C9: Export
A10: Customer09 | B10: Russia | C10: Export
A11: Customer10 | B11: India | C11: South
A12: Customer11 | B12: Mexico | C12: Export
... A41: Customer40 | B41: United States of America | C41: Export
